{"cameraMode":{"drawMode":0,"name":"Shaded","section":"Shading Mode"},"sceneLighting":true,"audioPlay":false,"sceneViewState":{"showFog":true,"showMaterialUpdate":true,"showSkybox":true,"showFlares":true,"showImageEffects":true,"showParticleSystems":true},"in2DMode":false,"pivot":{"x":-22.764972686767579,"y":3.7494239807128908,"z":17.938539505004884},"rotation":{"x":-0.11049071699380875,"y":0.702290415763855,"z":-0.11175733804702759,"w":-0.6943303942680359},"size":37.61883544921875,"orthographic":false}