{"cameraMode":{"drawMode":0,"name":"Shaded","section":"Shading Mode"},"sceneLighting":true,"audioPlay":false,"sceneViewState":{"showFog":true,"showMaterialUpdate":true,"showSkybox":true,"showFlares":true,"showImageEffects":true,"showParticleSystems":true},"in2DMode":false,"pivot":{"x":10.224013328552246,"y":-13.334217071533204,"z":496.8410339355469},"rotation":{"x":-0.2831275463104248,"y":0.0881718173623085,"z":-0.026149634271860124,"w":-0.9546646475791931},"size":37.9188346862793,"orthographic":false}