{"cameraMode":{"drawMode":0,"name":"Shaded","section":"Shading Mode"},"sceneLighting":false,"audioPlay":false,"sceneViewState":{"showFog":true,"showMaterialUpdate":true,"showSkybox":false,"showFlares":true,"showImageEffects":true,"showParticleSystems":true},"in2DMode":false,"pivot":{"x":0.9734616875648499,"y":0.5435682535171509,"z":59.87495422363281},"rotation":{"x":-0.10178898274898529,"y":-0.08138341456651688,"z":0.008355442434549332,"w":-0.9914371967315674},"size":4.875451564788818,"orthographic":false}