{"cameraMode":{"drawMode":0,"name":"Shaded","section":"Shading Mode"},"sceneLighting":true,"audioPlay":false,"sceneViewState":{"showFog":true,"showMaterialUpdate":true,"showSkybox":true,"showFlares":true,"showImageEffects":true,"showParticleSystems":true},"in2DMode":false,"pivot":{"x":-25.237606048583986,"y":4.03462028503418,"z":226.6356201171875},"rotation":{"x":-0.11049071699380875,"y":0.702290415763855,"z":-0.11175733804702759,"w":-0.6943303942680359},"size":37.61883544921875,"orthographic":false}