{"cameraMode":{"drawMode":0,"name":"Shaded","section":"Shading Mode"},"sceneLighting":true,"audioPlay":false,"sceneViewState":{"showFog":true,"showMaterialUpdate":true,"showSkybox":true,"showFlares":true,"showImageEffects":true,"showParticleSystems":true},"in2DMode":false,"pivot":{"x":0.995133638381958,"y":1.3339916467666627,"z":59.04669952392578},"rotation":{"x":-0.10178898274898529,"y":-0.08138341456651688,"z":0.008355442434549332,"w":-0.9914371967315674},"size":2.6669161319732668,"orthographic":false}